-- HARMONI Seed Data
-- Preset data that ships with the system

-- =========================================================
-- 15 Lesson Models (is_preset = 1)
-- =========================================================
INSERT OR IGNORE INTO lesson_models (id, name, name_en, category, steps_template, is_preset) VALUES
('lm-001','5E','Five E','active_learning','[{"step":"Engage","label":"กระตุ้นความสนใจ"},{"step":"Explore","label":"สำรวจค้นหา"},{"step":"Explain","label":"อธิบาย"},{"step":"Elaborate","label":"ขยายความรู้"},{"step":"Evaluate","label":"ประเมินผล"}]',1),
('lm-002','5 STEPs','Five Steps','active_learning','[{"step":"Stimulus","label":"กระตุ้น"},{"step":"Think","label":"คิด"},{"step":"Evaluate","label":"ประเมิน"},{"step":"Practice","label":"ปฏิบัติ"},{"step":"Summary","label":"สรุป"}]',1),
('lm-003','CIPPA','CIPPA Model','active_learning','[{"step":"Construct","label":"สร้างความรู้"},{"step":"Interaction","label":"ปฏิสัมพันธ์"},{"step":"Physical Participation","label":"มีส่วนร่วมทางกาย"},{"step":"Process Learning","label":"เรียนรู้กระบวนการ"},{"step":"Application","label":"ประยุกต์ใช้"}]',1),
('lm-004','TGT','Team-Games-Tournament','cooperative','[{"step":"สอนเนื้อหา","label":"นำเสนอ"},{"step":"ทีมศึกษา","label":"กลุ่มเรียนรู้"},{"step":"แข่งขัน","label":"เกมทัวร์นาเมนต์"},{"step":"คะแนนทีม","label":"รวมคะแนน"},{"step":"ยกย่อง","label":"ให้รางวัล"}]',1),
('lm-005','STAD','Student Teams-Achievement Divisions','cooperative','[{"step":"นำเสนอเนื้อหา","label":"สอน"},{"step":"ทีมศึกษา","label":"กลุ่มเรียนรู้"},{"step":"ทดสอบย่อย","label":"สอบรายบุคคล"},{"step":"คะแนนพัฒนาการ","label":"คำนวณ"},{"step":"ยกย่องทีม","label":"ให้รางวัล"}]',1),
('lm-006','Jigsaw','Jigsaw','cooperative','[{"step":"กลุ่มบ้าน","label":"แบ่งกลุ่ม"},{"step":"กลุ่มผู้เชี่ยวชาญ","label":"ศึกษาเนื้อหา"},{"step":"กลับกลุ่มบ้าน","label":"สอนเพื่อน"},{"step":"ทดสอบ","label":"ประเมิน"},{"step":"รวมคะแนน","label":"สรุป"}]',1),
('lm-007','PBL-Problem','Problem-Based Learning','inquiry','[{"step":"ปัญหา","label":"เผชิญปัญหา"},{"step":"วิเคราะห์","label":"วิเคราะห์ปัญหา"},{"step":"ค้นคว้า","label":"รวบรวมข้อมูล"},{"step":"สังเคราะห์","label":"สังเคราะห์คำตอบ"},{"step":"สรุป","label":"สรุปและประเมิน"}]',1),
('lm-008','PBL-Project','Project-Based Learning','inquiry','[{"step":"ระบุปัญหา","label":"คำถามนำ"},{"step":"วางแผน","label":"ออกแบบโครงงาน"},{"step":"ดำเนินการ","label":"ลงมือทำ"},{"step":"นำเสนอ","label":"เผยแพร่ผลงาน"},{"step":"ประเมิน","label":"สะท้อนผล"}]',1),
('lm-009','Inquiry','Inquiry-Based Learning','inquiry','[{"step":"สังเกต","label":"ตั้งคำถาม"},{"step":"ตั้งสมมติฐาน","label":"คาดคะเน"},{"step":"รวบรวมข้อมูล","label":"ทดลอง/ค้นคว้า"},{"step":"วิเคราะห์","label":"ตีความข้อมูล"},{"step":"สรุปผล","label":"ลงข้อสรุป"}]',1),
('lm-010','Flipped','Flipped Classroom','blended','[{"step":"ก่อนเรียน","label":"ดูวิดีโอ/อ่านเนื้อหา"},{"step":"เข้าห้องเรียน","label":"ซักถาม/อภิปราย"},{"step":"ปฏิบัติ","label":"ทำกิจกรรม"},{"step":"ขยายผล","label":"ต่อยอดความรู้"},{"step":"ประเมิน","label":"วัดผล"}]',1),
('lm-011','Direct','Direct Instruction','traditional','[{"step":"ทบทวน","label":"ทบทวนความรู้เดิม"},{"step":"นำเสนอ","label":"สอนเนื้อหาใหม่"},{"step":"ฝึกร่วม","label":"ฝึกปฏิบัติร่วมกัน"},{"step":"ฝึกเดี่ยว","label":"ฝึกปฏิบัติด้วยตนเอง"},{"step":"สรุป","label":"สรุปบทเรียน"}]',1),
('lm-012','Active','Active Learning','active_learning','[{"step":"กระตุ้น","label":"สร้างแรงจูงใจ"},{"step":"สำรวจ","label":"เรียนรู้ด้วยตนเอง"},{"step":"อภิปราย","label":"แลกเปลี่ยนเรียนรู้"},{"step":"ปฏิบัติ","label":"ลงมือทำ"},{"step":"สะท้อน","label":"สะท้อนการเรียนรู้"}]',1),
('lm-013','Kodaly','Kodaly Method','music','[{"step":"เตรียม","label":"ร้องเพลง/เกม"},{"step":"นำเสนอ","label":"แนะนำแนวคิดใหม่"},{"step":"ฝึก","label":"ฝึกอ่าน/เขียนโน้ต"},{"step":"สร้าง","label":"แต่ง/ด้นสด"},{"step":"ประเมิน","label":"แสดง/ประเมิน"}]',1),
('lm-014','Orff','Orff Schulwerk','music','[{"step":"สำรวจ","label":"เสียง/จังหวะ/ร่างกาย"},{"step":"เลียนแบบ","label":"ทำตามแบบ"},{"step":"ด้นสด","label":"สร้างสรรค์"},{"step":"แต่ง","label":"ประพันธ์"},{"step":"แสดง","label":"นำเสนอผลงาน"}]',1),
('lm-015','Dalcroze','Dalcroze Eurhythmics','music','[{"step":"Eurhythmics","label":"เคลื่อนไหวตามจังหวะ"},{"step":"Solfege","label":"ร้องโน้ต"},{"step":"Improvisation","label":"ด้นสด"},{"step":"Integration","label":"บูรณาการ"},{"step":"Performance","label":"แสดง"}]',1);

-- =========================================================
-- 3 Trait Categories
-- =========================================================
INSERT OR IGNORE INTO trait_categories (id, name, category_type, sort_order) VALUES
('tc-001','คุณลักษณะอันพึงประสงค์','character',1),
('tc-002','สมรรถนะสำคัญของผู้เรียน','competency',2),
('tc-003','การอ่าน คิดวิเคราะห์ และเขียน','literacy',3);

-- =========================================================
-- 16 Trait Items (8 + 5 + 3)
-- =========================================================
INSERT OR IGNORE INTO trait_items (id, category_id, name, sort_order) VALUES
('ti-001','tc-001','รักชาติ ศาสน์ กษัตริย์',1),
('ti-002','tc-001','ซื่อสัตย์สุจริต',2),
('ti-003','tc-001','มีวินัย',3),
('ti-004','tc-001','ใฝ่เรียนรู้',4),
('ti-005','tc-001','อยู่อย่างพอเพียง',5),
('ti-006','tc-001','มุ่งมั่นในการทำงาน',6),
('ti-007','tc-001','รักความเป็นไทย',7),
('ti-008','tc-001','มีจิตสาธารณะ',8),
('ti-009','tc-002','ความสามารถในการสื่อสาร',1),
('ti-010','tc-002','ความสามารถในการคิด',2),
('ti-011','tc-002','ความสามารถในการแก้ปัญหา',3),
('ti-012','tc-002','ความสามารถในการใช้ทักษะชีวิต',4),
('ti-013','tc-002','ความสามารถในการใช้เทคโนโลยี',5),
('ti-014','tc-003','การอ่าน',1),
('ti-015','tc-003','การคิดวิเคราะห์',2),
('ti-016','tc-003','การเขียน',3);

-- =========================================================
-- Curriculum Indicators (ศ 2.1 + ศ 2.2 ม.1-ม.2)
-- =========================================================
INSERT OR IGNORE INTO curriculum_indicators (id, teacher_id, code, description, strand, grade_level, sort_order) VALUES
('ci-001','__SYSTEM__','ศ 2.1 ม.1/1','อ่าน เขียน ร้องโน้ตไทยและโน้ตสากล','ศ 2.1',1,1),
('ci-002','__SYSTEM__','ศ 2.1 ม.1/2','เปรียบเทียบเสียงร้องและเสียงของเครื่องดนตรีที่มาจากวัฒนธรรมที่ต่างกัน','ศ 2.1',1,2),
('ci-003','__SYSTEM__','ศ 2.1 ม.1/3','อ่าน เขียน ร้องโน้ตไทยและโน้ตสากลที่มีเครื่องหมายแปลงเสียง','ศ 2.1',1,3),
('ci-004','__SYSTEM__','ศ 2.1 ม.1/4','ร้องเพลง เล่นดนตรีเดี่ยว และรวมวง','ศ 2.1',1,4),
('ci-005','__SYSTEM__','ศ 2.1 ม.1/5','บรรยายอารมณ์ของเพลงที่ฟัง','ศ 2.1',1,5),
('ci-006','__SYSTEM__','ศ 2.1 ม.1/6','ใช้เครื่องดนตรีบรรเลงประกอบการร้องเพลง ด้นสด ที่มีจังหวะและทำนองง่ายๆ','ศ 2.1',1,6),
('ci-007','__SYSTEM__','ศ 2.1 ม.2/1','เปรียบเทียบการใช้องค์ประกอบดนตรีที่มาจากวัฒนธรรมต่างกัน','ศ 2.1',2,7),
('ci-008','__SYSTEM__','ศ 2.1 ม.2/2','อ่าน เขียน ร้องโน้ตไทยและโน้ตสากล ในอัตราจังหวะต่างๆ','ศ 2.1',2,8),
('ci-009','__SYSTEM__','ศ 2.1 ม.2/3','ร้องเพลง เล่นดนตรีเดี่ยว และรวมวง โดยเน้นเทคนิคการแสดงออก','ศ 2.1',2,9),
('ci-010','__SYSTEM__','ศ 2.1 ม.2/4','แต่งเพลงสั้นๆ ที่มีจังหวะและทำนองง่ายๆ','ศ 2.1',2,10),
('ci-011','__SYSTEM__','ศ 2.1 ม.2/5','บรรยายเปรียบเทียบองค์ประกอบที่ใช้ในงานดนตรีและงานศิลปะอื่น','ศ 2.1',2,11),
('ci-012','__SYSTEM__','ศ 2.1 ม.2/6','วิเคราะห์และอธิบายบทบาทของดนตรีในการสะท้อนแนวคิดและค่านิยมที่เปลี่ยนไปของคนในสังคม','ศ 2.1',2,12),
('ci-013','__SYSTEM__','ศ 2.2 ม.1/1','นำเสนอตัวอย่างเพลงที่ใช้ในโอกาสต่างๆ ของวัฒนธรรมไทยและสากล','ศ 2.2',1,13),
('ci-014','__SYSTEM__','ศ 2.2 ม.1/2','บรรยายบทบาทและอิทธิพลของดนตรีในชีวิตประจำวัน','ศ 2.2',1,14),
('ci-015','__SYSTEM__','ศ 2.2 ม.2/1','อธิบายบทบาทของดนตรีในการสะท้อนแนวคิดและค่านิยมที่เปลี่ยนไปของคนในสังคม','ศ 2.2',2,15),
('ci-016','__SYSTEM__','ศ 2.2 ม.2/2','นำเสนอตัวอย่างเพลงและดนตรีที่มาจากวัฒนธรรมต่างๆ','ศ 2.2',2,16);

-- =========================================================
-- 1 Default Grade Config (8 ระดับ)
-- =========================================================
INSERT OR IGNORE INTO grade_configs (id, teacher_id, name, config_type, config_data, is_default) VALUES
('gc-001','__SYSTEM__','ระบบ 8 ระดับ (มัธยม)','numeric','{"levels":[{"grade":"4","label":"ดีเยี่ยม","min":80,"max":100},{"grade":"3.5","label":"ดีมาก","min":75,"max":79},{"grade":"3","label":"ดี","min":70,"max":74},{"grade":"2.5","label":"ค่อนข้างดี","min":65,"max":69},{"grade":"2","label":"น่าพอใจ","min":60,"max":64},{"grade":"1.5","label":"พอใช้","min":55,"max":59},{"grade":"1","label":"ผ่านเกณฑ์ขั้นต่ำ","min":50,"max":54},{"grade":"0","label":"ไม่ผ่าน","min":0,"max":49}]}',1);

-- =========================================================
-- 12 Award Types (8 Tier1 + 3 Tier2 + 1 Tier3)
-- =========================================================
INSERT OR IGNORE INTO award_types (id, name, tier, is_preset) VALUES
('at-001','เหรียญทอง',1,1),
('at-002','เหรียญเงิน',1,1),
('at-003','เหรียญทองแดง',1,1),
('at-004','ชนะเลิศ',1,1),
('at-005','รองชนะเลิศอันดับ 1',1,1),
('at-006','รองชนะเลิศอันดับ 2',1,1),
('at-007','ชมเชย',1,1),
('at-008','เข้าร่วม',1,1),
('at-009','ครูผู้สอนดีเด่น',2,1),
('at-010','ครูต้นแบบ',2,1),
('at-011','รางวัลระดับภาค',2,1),
('at-012','รางวัลระดับชาติ',3,1);
